<?xml version="1.0" encoding="UTF-8" ?>
<!DOCTYPE generatorConfiguration PUBLIC
        "-//mybatis.org//DTD MyBatis Generator Configuration 1.0//EN"
        "http://mybatis.org/dtd/mybatis-generator-config_1_0.dtd" >
<generatorConfiguration>

    <!-- !!!! Driver Class Path !!!! -->
    <classPathEntry location="C:\Work\ipai.git\server\gameserver\WebRoot\WEB-INF\lib\mysql-connector-java-5.1.7-bin.jar"/>

    <context id="context" targetRuntime="MyBatis3">
        <commentGenerator>
            <property name="suppressAllComments" value="false"/>
            <property name="suppressDate" value="true"/>
        </commentGenerator>

        <!-- !!!! Database Configurations !!!! -->
        <jdbcConnection driverClass="com.mysql.jdbc.Driver" connectionURL="jdbc:mysql://localhost:3306/roledata" userId="root" password=""/>

        <javaTypeResolver>
            <property name="forceBigDecimals" value="false"/>
        </javaTypeResolver>

        <!-- !!!! Model Configurations !!!! -->
        <javaModelGenerator targetPackage="com.dyz.myBatis.model" targetProject="com/dyz">
            <property name="enableSubPackages" value="false"/>
            <property name="trimStrings" value="true"/>
        </javaModelGenerator>

        <!-- !!!! Mapper XML Configurations !!!! -->
        <sqlMapGenerator targetPackage="com.dyz.myBatis.sqlMapper" targetProject="com/dyz">
            <property name="enableSubPackages" value="false"/>
        </sqlMapGenerator>

        <!-- !!!! Mapper Interface Configurations !!!! -->
        <javaClientGenerator targetPackage="com.dyz.myBatis.dao" targetProject="com/dyz" type="XMLMAPPER">
            <property name="enableSubPackages" value="false"/>
        </javaClientGenerator>

        <!-- !!!! Table Configurations !!!! -->
        <!--
        <table tableName="user" enableCountByExample="true" enableDeleteByExample="true" enableSelectByExample="true"
               enableUpdateByExample="true"/>

        <table tableName="account" enableCountByExample="true" enableDeleteByExample="true" enableSelectByExample="true"
               enableUpdateByExample="true"/>
        -->

        <table tableName="roomInfo" domainObjectName="RoomInfo" enableCountByExample="false" enableDeleteByExample="false" enableSelectByExample="false"
               enableUpdateByExample="false"/>
    </context>
</generatorConfiguration>
