<?xml version="1.0" encoding="UTF-8" ?>
<!DOCTYPE mapper PUBLIC "-//mybatis.org//DTD Mapper 3.0//EN" "http://mybatis.org/dtd/mybatis-3-mapper.dtd" >
<mapper namespace="com.dyz.myBatis.dao.StandingsMapper" >
  <resultMap id="BaseResultMap" type="com.dyz.myBatis.model.Standings" >
    <id column="id" property="id" jdbcType="INTEGER" />
    <result column="roomid" property="roomid" jdbcType="INTEGER" />
    <result column="content" property="content" jdbcType="VARCHAR" />
    <result column="createTime" property="createtime" jdbcType="TIMESTAMP" />
  </resultMap>
  <sql id="Base_Column_List" >
    id, roomid, content, createTime
  </sql>
  <select id="selectByPrimaryKey" resultMap="BaseResultMap" parameterType="java.lang.Integer" >
    select 
    <include refid="Base_Column_List" />
    from standings
    where id = #{id,jdbcType=INTEGER}
  </select>
   <select id="selectByRoomId" resultMap="BaseResultMap" parameterType="java.lang.Integer" >
    select 
    <include refid="Base_Column_List" />
    from standings
    where roomid = #{roomid,jdbcType=INTEGER}
  </select>
  <delete id="deleteByPrimaryKey" parameterType="java.lang.Integer" >
    delete from standings
    where id = #{id,jdbcType=INTEGER}
  </delete>
  <insert id="save" parameterType="com.dyz.myBatis.model.Standings"  useGeneratedKeys="true" keyProperty="id">
    insert into standings (id, roomid, content, createTime
      )
    values (#{id,jdbcType=INTEGER}, #{roomid,jdbcType=INTEGER},  
      #{content,jdbcType=VARCHAR}, #{createtime,jdbcType=TIMESTAMP}
      )
  </insert>
  <insert id="saveSelective" parameterType="com.dyz.myBatis.model.Standings" useGeneratedKeys="true" keyProperty="id">
    insert into standings
    <trim prefix="(" suffix=")" suffixOverrides="," >
      <if test="id != null" >
        id,
      </if>
      <if test="roomid != null" >
        roomid,
      </if>
      <if test="content != null" >
        content,
      </if>
      <if test="createtime != null" >
        createTime,
      </if>
    </trim>
    <trim prefix="values (" suffix=")" suffixOverrides="," >
      <if test="id != null" >
        #{id,jdbcType=INTEGER},
      </if>
      <if test="roomid != null" >
        #{roomid,jdbcType=INTEGER},
      </if>
      <if test="content != null" >
        #{content,jdbcType=VARCHAR},
      </if>
      <if test="createtime != null" >
        #{createtime,jdbcType=TIMESTAMP},
      </if>
    </trim>
  </insert>
  <update id="updateByPrimaryKeySelective" parameterType="com.dyz.myBatis.model.Standings" >
    update standings
    <set >
      <if test="roomid != null" >
        roomid = #{roomid,jdbcType=INTEGER},
      </if>
      <if test="content != null" >
        content = #{content,jdbcType=VARCHAR},
      </if>
      <if test="createtime != null" >
        createTime = #{createtime,jdbcType=TIMESTAMP},
      </if>
    </set>
    where id = #{id,jdbcType=INTEGER}
  </update>
  <update id="updateByPrimaryKey" parameterType="com.dyz.myBatis.model.Standings" >
    update standings
    set roomid = #{roomid,jdbcType=INTEGER},
      content = #{content,jdbcType=VARCHAR},
      createTime = #{createtime,jdbcType=TIMESTAMP}
    where id = #{id,jdbcType=INTEGER}
  </update>
</mapper>