<?xml version="1.0" encoding="UTF-8" ?>   
<!DOCTYPE log4j:configuration SYSTEM "log4j.dtd">

<log4j:configuration>

	<appender name="CONSOLE" class="org.apache.log4j.ConsoleAppender">
		<layout class="org.apache.log4j.PatternLayout">
			<param name="ConversionPattern" value="%d - %c -%-4r [%t] %-5p %x - %m%n" />
		</layout>
	</appender>

 
<!-- log4j.category.org.springframework = WARN（或者ERROR） -->
	<logger name="java.sql" additivity="false">
		<level value="debug" />
		<appender-ref ref="CONSOLE" />
	</logger>
	
	<root>
		<priority value="debug" />
		<appender-ref ref="CONSOLE" />
	</root>

</log4j:configuration>
