<?xml version="1.0" encoding="UTF-8"?>
<!DOCTYPE log4j:configuration SYSTEM "log4j.dtd">
<log4j:configuration debug="true" xmlns:log4j="http://jakarta.apache.org/log4j/">

	<appender name="console"
			  class="org.apache.log4j.ConsoleAppender">
		<param name="Threshold" value="info"></param>
		<layout class="org.apache.log4j.PatternLayout">
			<param name="ConversionPattern" value="%d (%F:%L) %-5p %c - %m%n"/>
		</layout>
	</appender>
	<root>
		<priority value="info" />
		<appender-ref ref="console" />
	</root>

</log4j:configuration>